indicator,labelled_mean,unlabelled_mean,standardised_gap
Sustainability Score,70.5927142857143,44.12288557213931,1.7728874223977047
Academic Reputation,42.40857142857143,11.067537313432835,1.6342540507392431
Employer Reputation,43.276714285714284,12.771144278606965,1.526486624243036
Citations per Faculty,49.166,15.104726368159206,1.4203559517747697
International Research Network,72.28157142857143,42.255223880597015,1.2857618566270579
Employment Outcomes,45.843714285714285,18.438432835820894,1.0783706570080065
International Faculty Ratio,53.30628571428571,20.999502487562186,1.0408626102726641
International Student Ratio,48.026428571428575,20.885323383084575,0.9067441901604554
Faculty Student Ratio,40.72671428571428,26.71430348258706,0.5016383058689841
