indicator,qs_published,recovered,abs_error
Academic Reputation,0.3,0.299960334096678,3.96659033219948e-05
Citations per Faculty,0.2,0.20004115017454,4.11501745400666e-05
Employer Reputation,0.15,0.150033188718056,3.31887180556045e-05
Faculty Student Ratio,0.1,0.10001962068466,1.96206846600905e-05
International Faculty Ratio,0.05,0.0500386639825705,3.86639825704846e-05
International Student Ratio,0.05,0.0499795056285286,2.04943714714259e-05
International Research Network,0.05,0.0499468955004084,5.31044995916163e-05
Employment Outcomes,0.05,0.0499625993250077,3.74006749922842e-05
Sustainability Score,0.05,0.0500180418895512,1.80418895511861e-05
