indicator,qs_published,recovered,pearson_r
Academic Reputation,0.3,0.302119032753723,0.899483005272746
Citations per Faculty,0.2,0.198496400921109,0.483991816695604
Employer Reputation,0.15,0.149605567907471,0.800390974262734
Faculty Student Ratio,0.1,0.0971993485311414,0.321830474334852
International Faculty Ratio,0.05,0.0502301033088,0.375336416816331
International Student Ratio,0.05,0.0500770356002352,0.397888832018524
International Research Network,0.05,0.0502128382306569,0.494911662703782
Employment Outcomes,0.05,0.0500145836425081,0.613248640386204
Sustainability Score,0.05,0.0520450891043554,0.6182679606678
